{
  "best_val_miou": 0.52239177484749,
  "best_epoch": 38,
  "final": {
    "epoch": 50,
    "train_loss": 0.9576878522659515,
    "train_miou": 0.6231278956331106,
    "train_pixel_acc": 0.8127355360448308,
    "val_loss": 1.389284857503184,
    "val_miou": 0.5021310666695115,
    "val_pixel_acc": 0.7246705120110456
  }
}