{
  "best_val_miou": 0.5187991160266392,
  "best_epoch": 46,
  "final": {
    "epoch": 50,
    "train_loss": 0.5611312055921222,
    "train_miou": 0.6042216371067668,
    "train_pixel_acc": 0.8107671528181598,
    "val_loss": 0.8301054501866961,
    "val_miou": 0.5073422518856884,
    "val_pixel_acc": 0.7486565793117557
  }
}