{
  "best_val_miou": 0.5190257741330311,
  "best_epoch": 46,
  "final": {
    "epoch": 50,
    "train_loss": 0.3645130641810544,
    "train_miou": 0.5544081466595572,
    "train_pixel_acc": 0.7646501709821685,
    "val_loss": 0.4184847611647386,
    "val_miou": 0.5055667040699471,
    "val_pixel_acc": 0.7417368678423132
  }
}